{"openapi":"3.0.2","info":{"title":"driftapi reference implementation","version":"1.4.13"},"paths":{"/":{"get":{"summary":"Root","operationId":"root__get","responses":{"200":{"description":"Successful Response","content":{"application/json":{"schema":{}}}}}}},"/{race_id}/ping":{"post":{"summary":"Ping","operationId":"ping__race_id__ping_post","parameters":[{"required":true,"schema":{"title":"Race Id","type":"string"},"name":"race_id","in":"path"},{"required":false,"schema":{"title":"Sha3 Password","type":"string"},"name":"sha3_password","in":"query"}],"responses":{"200":{"description":"Successful Response","content":{"application/json":{"schema":{}}}},"422":{"description":"Validation Error","content":{"application/json":{"schema":{"$ref":"#/components/schemas/HTTPValidationError"}}}}}}},"/{race_id}/events/enter":{"post":{"summary":"Create Enterevent","operationId":"create_EnterEvent__race_id__events_enter_post","parameters":[{"required":true,"schema":{"title":"Race Id","type":"string"},"name":"race_id","in":"path"},{"required":false,"schema":{"title":"Sha3 Password","type":"string"},"name":"sha3_password","in":"query"}],"requestBody":{"content":{"application/json":{"schema":{"$ref":"#/components/schemas/EnterEvent"}}},"required":true},"responses":{"200":{"description":"Successful Response","content":{"application/json":{"schema":{}}}},"422":{"description":"Validation Error","content":{"application/json":{"schema":{"$ref":"#/components/schemas/HTTPValidationError"}}}}}}},"/{race_id}/events/start":{"post":{"summary":"Create Startevent","operationId":"create_StartEvent__race_id__events_start_post","parameters":[{"required":true,"schema":{"title":"Race Id","type":"string"},"name":"race_id","in":"path"},{"required":false,"schema":{"title":"Sha3 Password","type":"string"},"name":"sha3_password","in":"query"}],"requestBody":{"content":{"application/json":{"schema":{"$ref":"#/components/schemas/StartEvent"}}},"required":true},"responses":{"200":{"description":"Successful Response","content":{"application/json":{"schema":{}}}},"422":{"description":"Validation Error","content":{"application/json":{"schema":{"$ref":"#/components/schemas/HTTPValidationError"}}}}}}},"/{race_id}/events/target":{"post":{"summary":"Create Targetevent","operationId":"create_TargetEvent__race_id__events_target_post","parameters":[{"required":true,"schema":{"title":"Race Id","type":"string"},"name":"race_id","in":"path"},{"required":false,"schema":{"title":"Sha3 Password","type":"string"},"name":"sha3_password","in":"query"}],"requestBody":{"content":{"application/json":{"schema":{"$ref":"#/components/schemas/TargetEvent"}}},"required":true},"responses":{"200":{"description":"Successful Response","content":{"application/json":{"schema":{}}}},"422":{"description":"Validation Error","content":{"application/json":{"schema":{"$ref":"#/components/schemas/HTTPValidationError"}}}}}}},"/{race_id}/events/end":{"post":{"summary":"Create Endevent","operationId":"create_EndEvent__race_id__events_end_post","parameters":[{"required":true,"schema":{"title":"Race Id","type":"string"},"name":"race_id","in":"path"},{"required":false,"schema":{"title":"Sha3 Password","type":"string"},"name":"sha3_password","in":"query"}],"requestBody":{"content":{"application/json":{"schema":{"$ref":"#/components/schemas/EndEvent"}}},"required":true},"responses":{"200":{"description":"Successful Response","content":{"application/json":{"schema":{}}}},"422":{"description":"Validation Error","content":{"application/json":{"schema":{"$ref":"#/components/schemas/HTTPValidationError"}}}}}}}},"components":{"schemas":{"EndData":{"title":"EndData","required":["finished_time","total_score","false_start","driven_distance","driven_time"],"type":"object","properties":{"finished_time":{"title":"Finished Time","type":"string","format":"date-time"},"total_score":{"title":"Total Score","type":"integer"},"false_start":{"title":"False Start","type":"boolean"},"driven_distance":{"title":"Driven Distance","type":"number"},"driven_time":{"title":"Driven Time","type":"number"}}},"EndEvent":{"title":"EndEvent","required":["app_version","game_id","data"],"type":"object","properties":{"app_version":{"title":"App Version","type":"string"},"game_id":{"title":"Game Id","type":"string"},"user_id":{"title":"unique user id","type":"string","description":"unique identifier (for the duration of the current race), can and should be different from the Sturmkind user name for legal and security reasons, for example a hash of the username or a hash of the devices ip address.","format":"uuid"},"user_name":{"title":"the name choosen by the user to be displayed on the scoreboard","type":"string","description":"Can be different from the Sturmkind user name (for legal reasons)"},"time":{"title":"the exact timestamp down to the precision the sturmkind app uses, so fractions of a second","type":"string","format":"date-time"},"data":{"$ref":"#/components/schemas/EndData"}}},"EnterData":{"title":"EnterData","required":["game_mode","start_time","track_condition","track_bundle","wheels","setup_mode"],"type":"object","properties":{"game_mode":{"$ref":"#/components/schemas/game_mode"},"start_time":{"title":"Start Time","type":"string","format":"date-time"},"time_limit":{"title":"the time limit for the run, in seconds","type":"number"},"lap_count":{"title":"number of rounds (for the race mode)","type":"integer"},"track_condition":{"$ref":"#/components/schemas/track_condition"},"track_bundle":{"$ref":"#/components/schemas/track_bundle"},"wheels":{"$ref":"#/components/schemas/wheels"},"setup_mode":{"$ref":"#/components/schemas/setup_mode"},"engine_type":{"title":"The id of the motor type. No ENUM for the above reason. Example: 'DTM', 'V8' etc.","type":"string"},"tuning_type":{"title":"The id of the motor setup. No ENUM for the above reason. Example: 'DTM', 'V8' etc.","type":"string"},"steering_angle":{"title":"the choosen steering angle as set in the settings menue of the app","type":"number"},"driftassist":{"title":"if driftassist is enabled in the settings menue of the app.","type":"boolean"},"softsteering":{"title":"if softsteering is enabled in the settings menue of the app.","type":"boolean"}}},"EnterEvent":{"title":"EnterEvent","required":["app_version","game_id","data"],"type":"object","properties":{"app_version":{"title":"App Version","type":"string"},"game_id":{"title":"Game Id","type":"string"},"user_id":{"title":"unique user id","type":"string","description":"unique identifier (for the duration of the current race), can and should be different from the Sturmkind user name for legal and security reasons, for example a hash of the username or a hash of the devices ip address.","format":"uuid"},"user_name":{"title":"the name choosen by the user to be displayed on the scoreboard","type":"string","description":"Can be different from the Sturmkind user name (for legal reasons)"},"time":{"title":"the exact timestamp down to the precision the sturmkind app uses, so fractions of a second","type":"string","format":"date-time"},"data":{"$ref":"#/components/schemas/EnterData"}}},"HTTPValidationError":{"title":"HTTPValidationError","type":"object","properties":{"detail":{"title":"Detail","type":"array","items":{"$ref":"#/components/schemas/ValidationError"}}}},"StartData":{"title":"StartData","required":["signal_time"],"type":"object","properties":{"signal_time":{"title":"Signal Time","type":"string","format":"date-time"}}},"StartEvent":{"title":"StartEvent","required":["app_version","game_id","data"],"type":"object","properties":{"app_version":{"title":"App Version","type":"string"},"game_id":{"title":"Game Id","type":"string"},"user_id":{"title":"unique user id","type":"string","description":"unique identifier (for the duration of the current race), can and should be different from the Sturmkind user name for legal and security reasons, for example a hash of the username or a hash of the devices ip address.","format":"uuid"},"user_name":{"title":"the name choosen by the user to be displayed on the scoreboard","type":"string","description":"Can be different from the Sturmkind user name (for legal reasons)"},"time":{"title":"the exact timestamp down to the precision the sturmkind app uses, so fractions of a second","type":"string","format":"date-time"},"data":{"$ref":"#/components/schemas/StartData"}}},"TargetData":{"title":"TargetData","required":["time","data","false_start","driven_distance","driven_time","score"],"type":"object","properties":{"time":{"title":"Time","type":"string","format":"date-time"},"data":{"$ref":"#/components/schemas/target_code"},"false_start":{"title":"False Start","type":"boolean"},"driven_distance":{"title":"Driven Distance","type":"number"},"driven_time":{"title":"Driven Time","type":"number"},"score":{"title":"Score","type":"integer"}}},"TargetEvent":{"title":"TargetEvent","required":["app_version","game_id","data"],"type":"object","properties":{"app_version":{"title":"App Version","type":"string"},"game_id":{"title":"Game Id","type":"string"},"user_id":{"title":"unique user id","type":"string","description":"unique identifier (for the duration of the current race), can and should be different from the Sturmkind user name for legal and security reasons, for example a hash of the username or a hash of the devices ip address.","format":"uuid"},"user_name":{"title":"the name choosen by the user to be displayed on the scoreboard","type":"string","description":"Can be different from the Sturmkind user name (for legal reasons)"},"time":{"title":"the exact timestamp down to the precision the sturmkind app uses, so fractions of a second","type":"string","format":"date-time"},"data":{"$ref":"#/components/schemas/TargetData"}}},"ValidationError":{"title":"ValidationError","required":["loc","msg","type"],"type":"object","properties":{"loc":{"title":"Location","type":"array","items":{"type":"string"}},"msg":{"title":"Message","type":"string"},"type":{"title":"Error Type","type":"string"}}},"game_mode":{"title":"game_mode","enum":["RACE","GYMKHANA"],"type":"string","description":"An enumeration."},"setup_mode":{"title":"setup_mode","enum":["RACE","DRIFT"],"type":"string","description":"An enumeration."},"target_code":{"title":"target_code","enum":["0","4","5","6","7"],"type":"string","description":"An enumeration."},"track_bundle":{"title":"track_bundle","enum":["none","rally","rally_cross"],"type":"string","description":"An enumeration."},"track_condition":{"title":"track_condition","enum":["drift_asphalt","drift_asphalt_wet","drift_dirt","drift_ice","drift_sand"],"type":"string","description":"An enumeration."},"wheels":{"title":"wheels","enum":["normal","spikes","gravel_tires"],"type":"string","description":"An enumeration."}}}}